,DISTB_PD,ENTRPS,브랜드명,제품명,이미지링크,PRDUCT,REGIST_DT,STTEMNT_NO,SUNGSANG,index
168,제조일로부터24개월,코스맥스엔비티(주),종근당건강,,http://img.danawa.com/prod_img/500000/989/626/img/3626989_1.jpg?shrink=160:160&_v=20181106160049,2090 파워루테인,20150522,2.01E+13,"이미, 이취가 없고 고유의 향미가 있는 주황색의 내용물을 함유한 흑갈색의 연질캡슐",169
188,제조일로부터 24개월까지,(주)한국씨엔에스팜,한미헬스케어,,http://img.danawa.com/prod_img/500000/987/624/img/7624987_1.jpg?shrink=160:160&_v=20190403174130,365 눈 건강 루테인,20160902,2.00E+14,적색의 내용물을 함유한 검정색의 연질캡슐,189
994,제조일로부터 24개월까지,주식회사한미양행,중외제약,,http://img.danawa.com/prod_img/500000/327/296/img/6296327_1.jpg?shrink=160:160&_v=20190327101256,JW중외파워루테인A,20150522,2.00E+13,"적갈색의 내용물을 함유한 적갈색의 연질캡슐제품으로 이미, 이취가 없다.",995
1612,제조일로부터 24개월,(주)알피바이오,대웅생명과학,대웅생명과학 가네굿 프리미엄 90캡슐,http://img.danawa.com/prod_img/500000/531/070/img/5070531_1.jpg?shrink=500:500&_v=20180327120815,가네굿프리미엄,20150522,2.00E+13,갈색의 내용물을 함유한 장방형의 연질캡슐,1613
1617,제조일로부터 2년.,코스맥스바이오(주),대웅생명과학,대웅생명과학 가네파워 30캡슐,http://img.danawa.com/prod_img/500000/721/559/img/6559721_1.jpg?shrink=500:500&_v=20181031170918,가네파워,20170928,2.00E+14,노란갈색의 내용물을 함유한 어두운 갈색의 연질캡슐.,1618
1783,제조일로부터 24개월,(주)네이처텍,소버스,소버스 간건강 밀크씨슬 로사빈 60정?,http://img.danawa.com/prod_img/500000/204/561/img/7561204_1.jpg?shrink=500:500&_v=20190327160251,간건강 : 밀크씨슬 로사빈 (Liver Health : Milk Thistle Rosavin),20180723,2.00E+13,"이미, 이취가 없고 고유의 향미가 있는 밝은 회황색의 정제",1784
1785,제조일로부터24개월,코스맥스엔비티(주),중외제약,중외제약 간건강 밀크씨슬 30정?,http://img.danawa.com/prod_img/500000/824/124/img/3124824_1.jpg?shrink=500:500&_v=20180323175334,간건강 밀크씨슬,20151124,2.01E+13,"이미, 이취가 없고 고유의 향미가 있는 연한 황갈색의 내용물을 함유한 적갈색의 연질캡슐",1786
1792,제조일로부터 24개월,동서바이오팜(주),,종근당 간건강 슈퍼케어 30정,http://img.danawa.com/prod_img/500000/534/606/img/8606534_1.jpg?shrink=500:500&_v=20190711165028,간건강 슈퍼케어,20150522,2.00E+13,"이미 이취가 없고, 고유의 향미가 있는 미황색의 제피정제",1793
1831,제조일로부터 24개월까지,(주)한풍네이처팜,일양약품,일양약품 일양 간에 좋은 밀크씨슬 90캡슐,http://img.danawa.com/prod_img/500000/147/474/img/9474147_1.jpg?shrink=500:500&_v=20190910141914,간에 좋은 밀크씨슬,20180726,2.01E+13,이미·이취가 없는 고유의 향미가 있는 회황색 제피정제,1832
1832,제조일로부터 24개월,(주)비오팜,녹십자웰빙,녹십자웰빙 간에 좋은 밀크씨슬 골드 90정?,http://img.danawa.com/prod_img/500000/424/656/img/3656424_1.jpg?shrink=500:500&_v=20180529105450,간에 좋은 밀크씨슬 골드,20161011,2.00E+13,"이미, 이취가 없고 고유의 향미가 있는 황색의 제피정제",1833
1840,제조일로부터 24개월,주식회사한미양행,네이처가든,네이처가든 뉴트리가든 간에는 역시 밀크시슬파워 30정,http://img.danawa.com/prod_img/500000/848/211/img/7211848_1.jpg?shrink=500:500&_v=20191002103249,간에는 역시 밀크시슬파워,20170512,2.00E+13,"이미, 이취가 없으며 고유의 향미를 지닌 미황색의 장방형 제피정제",1841
1843,제조일로부터 2년,(주)허브큐어,닥터엘리자베스,닥터엘리자베스 간에좋은 밀크씨슬 60정?,http://img.danawa.com/prod_img/500000/567/513/img/9513567_1.jpg?shrink=500:500&_v=20190918163554,간에좋은 밀크씨슬,20171106,2.00E+13,"이미, 이취가 없고 고유의 향미가 있는 회황색의 타원형 제피정제.",1844
1947,제조일로부터 2년,주식회사 노바렉스2공장,BRC,강쏘팔메토 업그레이드,http://img.danawa.com/prod_img/500000/998/302/img/6302998_1.jpg?shrink=500:500,강 쏘팔메토 업그레이드,20170221,2.01E+13,진한 적갈색의 내용물을 함유한 갈흑색의 연질캡슐,1948
2042,제조일로부터 2년,(주)허브큐어,지엔엠라이프,지엔엠라이프 GNM자연의품격 건강한 간 밀크씨슬 30정,http://img.danawa.com/prod_img/500000/665/671/img/3671665_1.jpg?shrink=500:500&_v=20181114093905,건강한 간 밀크씨슬,20171207,2.00E+13,"이미, 이취가 없고 고유의 향미가 있는 미황색의 타원형 제피정제",2043
2043,제조일로부터 24개월,주식회사 네추럴웨이,메이플트리,메이플트리 건강한 간 밀크씨슬 30정?,http://img.danawa.com/prod_img/500000/544/647/img/3647544_1.jpg?shrink=500:500&_v=20180919120557,건강한 간 밀크씨슬,20190916,2.00E+13,"이미·이취가 없으며, 고유의 색택을 가지는 코팅정제",2044
3317,제조일로부터 2년,주식회사 노바렉스2공장,SK케미칼,,http://img.danawa.com/prod_img/500000/703/568/img/6568703_1.jpg?shrink=160:160&_v=20181105154724,굿아이 루테인 맥스,20180621,2.01E+13,적색의 내용물을 함유한 흑색의 연질캡슐,3318
3936,24개월,(주)네이처텍,유니베라,유니베라 남양 931 플러스 540캡슐?,http://img.danawa.com/prod_img/500000/108/915/img/4915108_1.jpg?shrink=500:500&_v=20180213150456,남양931 플러스,20150522,2.00E+13,흑갈색의 내용물을 함유한 진초록색의 연질캡슐,3937
3949,24개월,(주)씨스팡,씨스팡,쏘팔메토 남자팔팔,http://img.danawa.com/prod_img/500000/027/507/img/9507027_1.jpg?shrink=160:160&_v=20190918105241,남자팔팔,20190117,2.00E+12,진한 노랑색의 내용물을 함유한 흑색의 연질캡슐,3950
3981,제조일로부터 24개월까지,(주)한국씨엔에스팜,한미약품,,http://img.danawa.com/prod_img/500000/850/637/img/3637850_1.jpg?shrink=160:160&_v=20180820105223,내눈앤,20150522,2.00E+14,적색의 내용물을 함유한 녹색의 연질캡슐,3982
3994,제조일로부터 24개월까지,극동에치팜(주),서울약산신협,,http://img.danawa.com/prod_img/500000/350/376/img/9376350_1.jpg?shrink=160:160&_v=20190916093512,내몸애(愛) 발란스 프리미엄 루테인,20161214,2.00E+13,"이미, 이취가 없고 고유의 향미가 있는 주황색 내용물을 함유한 갈색 연질캡슐",3995
4095,제조일로부터 2년,(주)허브큐어,네이처드림,눈에좋은 루테인11,http://i.011st.com/ex_t/R/400x400/1/85/0/src/pd/19/8/9/0/2/4/1/fsbnf/2092890241_B.jpg,네이처드림 눈에좋은 루테인11,20180406,2.00E+13,"이미, 이취가 없고 고유의 향미가 있는 빨간주황색의 내용물을 함유하는 적갈색의 연질캡슐",4096
4096,제조일로부터 24개월까지,(주)허브큐어,네이처드림,몸에 좋은 멀티비타민17,http://img.danawa.com/prod_img/500000/794/665/img/6665794_1.jpg?shrink=500:500&_v=20181120140822,네이처드림 몸에 좋은 멀티비타민17,20180709,2.00E+13,"이미, 이취가 없고 고유의 향미가 있는 밝은 회황색의 정제",4097
4097,제조일로부터 2년 까지,(주)허브큐어,네이처드림,뼈에 좋은 비타민D,http://img.danawa.com/prod_img/500000/214/666/img/6666214_1.jpg?shrink=500:500&_v=20181120143214,네이처드림 뼈에좋은 비타민D,20171222,2.00E+13,"이미, 이취가 없고 고유의 향미가 있는 노란하양색의 장방형 정제.",4098
4098,제조일로부터 24개월,주식회사한미양행,네이처드림,뼈에 좋은 칼슘 마그네슘 비타민D 아연,http://img.danawa.com/prod_img/500000/775/825/img/5825775_1.jpg?shrink=500:500&_v=20180122123000,네이처드림 뼈에좋은 칼슘 마그네슘 비타민D 아연,20170821,2.00E+13,"이미, 이취가 없고 고유의 향미가 있는 백색의 타원형 제피정제",4099
4099,제조일로부터 24개월,주식회사한미양행,네이처드림,장에 좋은 프로바이오틱스,http://img.danawa.com/prod_img/500000/858/825/img/5825858_1.jpg?shrink=500:500&_v=20180403143524,네이처드림 장에 좋은 프로바이오틱스,20170602,2.00E+13,"이미, 이취가 없고 고유의 향미가 있는 밝은 회황색의 분말을 함유한 미황색 경질캡슐.",4100
4140,제조일로부터 2년,주식회사 노바렉스2공장,CJ제일제당,CJ제일제당 리턴업 노르웨이 오메가-3,http://img.danawa.com/prod_img/500000/224/874/img/8874224_1.jpg?shrink=500:500,노르웨이 오메가-3,20180905,2.01E+13,황색의 내용물을 함유한 투명의 연질캡슐,4141
4193,제조일로부터 2년,코스맥스바이오(주),녹십자웰빙,녹십자웰빙 식물성 오메가3 그린아이,http://img.danawa.com/prod_img/500000/325/494/img/5494325_1.jpg?shrink=500:500,녹십자웰빙식물성오메가3,20180221,2.00E+14,미황색의 유상 내용물을 함유한 투명색의 연질캡슐.,4194
4265,24개월,일양약품(주),일양약품,,http://img.danawa.com/prod_img/500000/039/876/img/1876039_1.jpg?shrink=160:160&_v=20190916141340,누네존루테인,20180122,2.00E+13,"이미, 이취가 없고 고유의 향미가 있는 적색의 내용물을 함유한 적갈색의 연질캡슐",4266
4288,제조일로부터 2년,주식회사 노바렉스,대상웰라이프,,http://img.danawa.com/prod_img/500000/566/986/img/6986566_1.jpg?shrink=160:160&_v=20190605100711,눈 밝은 세상,20150522,2.00E+14,적갈색의 내용물을 함유한 주황색의 연질캡슐,4289
4316,제조일로부터 24개월,(주)한국씨엔에스팜,팜스빌,,http://img.danawa.com/prod_img/500000/338/475/img/6475338_1.jpg?shrink=160:160&_v=20190605100146,눈건강365 루테인지아잔틴,20180821,2.00E+14,적색의 내용물을 함유한 적색반투명의 연질캡슐,4317
4317,제조일로부터 2년,콜마비앤에이치(주)푸디팜사업부문,종근당건강,,http://img.danawa.com/prod_img/500000/280/268/img/5268280_1.jpg?shrink=160:160&_v=20181102115255,눈건강N 루테인,20170421,2.01E+14,주황색의 내용물을 함유한 흑색의 연질캡슐,4318
4344,제조일로부터 2년,주식회사 노바렉스2공장,종근당건강,,http://img.danawa.com/prod_img/500000/276/680/img/3680276_1.jpg?shrink=160:160&_v=20181102112420,눈사랑 루테인 에이스ACE,20171226,2.01E+13,진한주황색의 내용물을 함유한 적갈색의 연질캡슐,4345
4363,제조일부터 24개월,(주)서흥,세노비스,,http://img.danawa.com/prod_img/500000/298/908/img/4908298_1.jpg?shrink=160:160&_v=20181122091944,눈에 좋은 루테인+오메가3,20160921,2.00E+14,적색의 점조성 내용물을 함유한 황색 연질캡슐,4364
4365,제조일로부터 24개월,(주)한풍네이처팜,닥터비,,http://img.danawa.com/prod_img/500000/850/284/img/6284850_1.jpg?shrink=160:160&_v=20180928104108,눈에 좋은 루테인오메가3 프리미엄,20180129,2.01E+13,"이미, 이취가 없고 고유의 향미가 있는 적색의 내용물을 함유한 적갈색의 연질캡슐",4366
4366,제조일로부터 24개월,엠에스바이오텍(주),네이처스토리,,http://img.danawa.com/prod_img/500000/268/276/img/6276268_1.jpg?shrink=160:160&_v=20190920122744,눈에 좋은 베베키즈 루테인,20180222,2.00E+13,붉은알갱이가 들어있는 연보라색 분말,4367
4377,제조일로부터 2년,주식회사 노바렉스,제이헬스사이언스,,http://img.danawa.com/prod_img/500000/978/292/img/6292978_1.jpg?shrink=160:160&_v=20190605102442,눈에좋은 루테인지아잔틴,20150522,2.00E+14,적갈색의 내용물을 함유한 흑갈색의 연질캡슐,4378
4411,24개월,(주)씨스팡,씨스팡,,http://img.danawa.com/prod_img/500000/266/758/img/3758266_1.jpg?shrink=160:160&_v=20190918103451,눈팔팔 루테인,20150522,2.00E+12,주황색의 내용물을 함유한 갈색의 반투명 연질캡슐,4412
4493,제조일부터 24개월,(주)서흥,유한양행,,http://img.danawa.com/prod_img/500000/270/039/img/6039270_1.jpg?shrink=160:160&_v=20180523101303,뉴오리진 루테인,20180201,2.00E+14,적색의 점조성 내용물을 함유한 암갈색 연질캡슐,4494
4495,2년,(주)유한양행,유한양행,유한양행 뉴오리진 밀크씨슬 60정?,http://img.danawa.com/prod_img/500000/731/039/img/6039731_1.jpg?shrink=500:500&_v=20180604150528,뉴오리진 밀크씨슬,20180220,2.02E+11,점박이를 포함한 연한 갈색의 장방형 코팅,4496
4498,제조일부터 24개월,(주)서흥,유한양행,유한양행 뉴오리진 식물성 오메가3,http://img.danawa.com/prod_img/500000/911/394/img/9394911_1.jpg?shrink=500:500,뉴오리진 식물성오메가3,20181010,2.00E+14,미황색의 유상액을 함유한 암갈색의 장방형 연질캡슐,4499
5572,제조일로부터 2년,대상(주)군산공장,대상웰라이프,대상웰라이프 클로렐라 NEW,http://img.danawa.com/prod_img/500000/541/126/img/3126541_1.jpg?shrink=500:500&_v=20180604162324,대상 웰라이프 클로렐라 NEW,20150522,2.00E+12,"이미,이취가 없고 고유의 향미가 있는 녹색 정제",5573
5573,제조일로부터 24개월,대상(주)군산공장,대상웰라이프,대상웰라이프 클로렐라 플래티넘,http://img.danawa.com/prod_img/500000/947/138/img/3138947_1.jpg?shrink=500:500&_v=20170608171308,대상 웰라이프 클로렐라 플래티넘(Chlorella platinum),20150522,2.00E+12,"녹색의 정제로서 이미, 이취, 이물이 없어야 한다.",5574
5608,제조일로부터 24개월까지,(주)한국씨엔에스팜,대웅생명과학,,http://img.danawa.com/prod_img/500000/171/784/img/6784171_1.jpg?shrink=160:160&_v=20181205103744,대웅 루테인오메가3비타민D,20180402,2.00E+14,주황색의 내용물을 함유한 진빨강색 연질캡슐,5609
5678,제조일로부터 24개월,콜마비앤에이치(주)푸디팜사업부문,래오이경제,더힘찬 이팔청춘,http://img.danawa.com/prod_img/500000/717/537/img/7537717_1.jpg?shrink=500:500,더 힘찬 이팔청춘,20180921,2.01E+14,"이미, 이취가 없고 고유의 향미가 있으며 갈색의 내용물이 든 검정색 연질캅셀",5679
5928,제조일로부터 36개월,(주)알피바이오,광동생활건강,,http://img.danawa.com/prod_img/500000/793/786/img/6786793_1.jpg?shrink=160:160&_v=20190117162034,데일리 루테인,20180315,2.00E+13,"이미, 이취가 없고 고유의 향미가 있는 적색의 내용물을 함유한 적색의 타원형 연질캡슐",5929
6186,제조일로부터 24개월,(주)쎌바이오텍,쎌바이오텍,듀오락 비타민C 프로바이오틱스,http://img.danawa.com/prod_img/500000/790/813/img/5813790_1.jpg?shrink=500:500&_v=20180403143524,듀오락 비타민C 프로바이오틱스,20160907,2.00E+13,"이미, 이취가 없고 고유의 향미가 있는 흰색의 분말을 함유한 흰색의 경질캡슐",6187
6208,제조일로부터 24개월,(주)쎌바이오텍,쎌바이오텍 ,듀오락 츄어블 레이디 프로바이오틱스,http://img.danawa.com/prod_img/500000/651/905/img/5905651_1.jpg?shrink=500:500&_v=20180510172557,듀오락 츄어블 레이디,20171130,2.00E+13,"이미, 이취가 없고 고유의 향미가 있는 노란 햐얀색의 원형 정제",6209
6262,18개월,코스맥스엔비티(주),바이오일레븐,바이오일레븐 드시모네 베이비,http://img.danawa.com/prod_img/500000/908/152/img/6152908_1.jpg?shrink=500:500&_v=20190918155246,드시모네 데일리,20180622,2.01E+14,"이미, 이취가 없고 고유의 향미가 있는 미황색의 분말",6263
6267,18개월,코스맥스엔비티(주),바이오일레븐,바이오일레븐 드시모네 키즈 프리미엄,http://img.danawa.com/prod_img/500000/820/422/img/6422820_1.jpg?shrink=500:500&_v=20190918155503,드시모네 키즈 프리미엄,20180622,2.01E+14,"이미, 이취가 없고 고유의 향미가 있는 미황색의 분말",6268
6565,제조일로부터 18개월,주식회사 에스이바이오텍,라파플러스,라파플러스 유산균10,http://img.danawa.com/prod_img/500000/595/628/img/4628595_1.jpg?shrink=500:500&_v=20170613135331,라파플러스 유산균 10,20190529,2.02E+12,"이미, 이취가 없고 고유의 향미가 있는 미백색 분말",6566
6900,18개월,종근당건강(주),종근당건강,종근당건강 락토핏 생유산균 뷰티,http://img.danawa.com/prod_img/500000/628/160/img/6160628_1.jpg?shrink=500:500&_v=20181211135839,락토핏 생유산균 뷰티,20190729,2.00E+13,연한 자줏빛 분홍색의 분말,6901
6946,제조일부터 24개월,(주)네추럴에프앤피,에프앤디넷 락피도,에프앤디넷 락피도 밀크씨슬 플러스 60정?,http://img.danawa.com/prod_img/500000/101/535/img/9535101_1.jpg?shrink=500:500&_v=20190920164841,락피도 밀크씨슬 플러스,20181221,2.00E+14,연한 노란색의 제피정제,6947
7089,제조일로부터 24개월,콜마비앤에이치(주)푸디팜사업부문,레스베라,쏘팔메토 전립파워,http://img.danawa.com/prod_img/500000/743/552/img/6552743_1.jpg?shrink=500:500&_v=20181029165216,레스베라 쏘팔메토 전립파워,20180627,2.01E+14,"이미, 이취가 없고 고유의 향미가 있는 갈색의 내용물을 함유한 검정색 연질캡슐",7090
7090,제조일로부터 24개월,콜마비앤에이치(주)푸디팜사업부문,레스베라,해피큐,http://img.danawa.com/prod_img/500000/716/552/img/6552716_1.jpg?shrink=500:500,레스베라 해피큐,20180914,2.01E+14,"이미, 이취가 없고 고유의 향미가 있으며 갈색 내용물을 함유한 검정색 연질캡슐",7091
7283,제조일로부터 24개월,주식회사한미양행,로하비,로하비 프리미엄 밀크씨슬 이엑스 120정,http://img.danawa.com/prod_img/500000/600/363/img/7363600_1.jpg?shrink=500:500&_v=20190304121157,로하비 프리미엄 밀크씨슬 이엑스,20180629,2.00E+14,"이미, 이취가 없고, 고유의 향미가 있는 연노란색의 타원형 정제",7284
7284,24개월,주식회사한미양행,로하비,프리미엄 쏘팔메토 이엑스,http://img.danawa.com/prod_img/500000/081/685/img/3685081_1.jpg?shrink=500:500,로하비 프리미엄 쏘팔메토 이엑스,20190228,2.00E+14,"이미, 이취가 없으며 고유의 향미를 지닌 진노랑색 내용물을 함유한 적갈색의 연질캡슐.",7285
7359,제조일로부터 24개월,코스맥스엔비티(주),대웅생명과학,,http://img.danawa.com/prod_img/500000/443/184/img/4184443_1.jpg?shrink=160:160&_v=20181102114208,루테인 골드,20150522,2.01E+13,진한주황색의 내용물을 함유한 적갈색의 연질캡슐,7360
7369,제조일로부터 24개월,한국바이오팜(주),보뚜슈퍼푸드,,http://img.danawa.com/prod_img/500000/503/619/img/9619503_1.jpg?shrink=160:160&_v=20191002140909,루테인 비타C,20190612,2.00E+13,적갈색 알갱이가 들어있는 연보라색의 분말,7370
7373,24개월,주식회사한미양행,메이플트리,,http://img.danawa.com/prod_img/500000/152/625/img/8625152_1.jpg?shrink=160:160&_v=20190712155003,루테인 아스타잔틴 헤마토코쿠스,20190218,2.00E+14,"이미, 이취가 없고 고유의 향미를 지닌 진한 적갈색의 내용물을 함유한 적갈색의 연질캡슐.",7374
7383,제조일로부터 2년,(주)허브큐어,대웅생명과학,,http://img.danawa.com/prod_img/500000/907/976/img/3976907_1.jpg?shrink=160:160&_v=20180212144906,루테인 플러스,20180425,2.00E+13,"이미, 이취가 없고 고유의 향미가 있는 주황색의 내용물을 함유하는 검정색의 연질캡슐",7384
7384,제조일로부터 24개월까지,극동에치팜(주),내츄럴플러스,,http://img.danawa.com/prod_img/500000/131/583/img/6583131_1.jpg?shrink=160:160&_v=20181109154953,루테인 플러스,20151110,2.00E+13,"적색 내용물을 함유한 적갈색 연질캡슐로 이미, 이취가 없음",7385
7389,제조일부터 24개월,(주)서흥,세노비스,,http://img.danawa.com/prod_img/500000/248/402/img/4402248_1.jpg?shrink=160:160&_v=20190805144419,루테인+비타민A,20150720,2.00E+14,적색의 점조성 내용물을 함유한 암갈색 연질캡슐,7390
7395,제조일로부터 24개월,주식회사한미양행,씨너지아이앤티,,http://img.danawa.com/prod_img/500000/195/276/img/6276195_1.jpg?shrink=160:160&_v=20190530111047,루테인12,20171219,2.00E+13,"이미, 이취가 없고 고유의 향미가 있는 밝은 적갈색의 내용물을 함유한 적갈색 연질캡슐",7396
7398,제조일로부터 24개월,네이처퓨어코리아(주),솔가,,http://img.danawa.com/prod_img/500000/264/185/img/4185264_1.jpg?shrink=160:160&_v=20180212142940,루테인20,20150522,2.01E+13,적갈색 내용물을 함유한 흑갈색 연질캡슐,7399
7403,2년,(주)일화,녹십자웰빙,,http://img.danawa.com/prod_img/500000/186/124/img/3124186_1.jpg?shrink=160:160&_v=20180604155637,루테인9플러스,20150903,2.00E+13,이미와 이취가 없는 적갈색 oval 모양의 연질캡슐,7404
7546,제조일로부터 24개월까지,(주)한국씨엔에스팜,오리진,오리진 슈퍼 파워 리버칸 60캡슐?,http://img.danawa.com/prod_img/500000/612/205/img/4205612_1.jpg?shrink=500:500&_v=20180213170809,리버칸,20150522,2.00E+14,미황색의 분말을 함유한 담갈색의 경질캡슐,7547
7554,제조일로부터36개월,코스맥스엔비티(주),블랙오닉스 어바틀오브네이쳐,블랙오닉스 어바틀오브네이쳐 밀크씨슬 리버케어 60캡슐?,http://img.danawa.com/prod_img/500000/722/990/img/5990722_1.jpg?shrink=500:500&_v=20180906114727,리버케어 밀크씨슬 Liver care milk thistle(전량수출용),20181122,2.01E+14,"이미, 이취가 없고 고유의 향미가 있는 갈색의 내용물을 함유한 적갈색의 연질캡슐",7555
7570,24개월,(주)에스트라,아모레퍼시픽,아모레퍼시픽 바이탈뷰티 리버프라임 600mg 30캡슐+800mg 30정?,http://img.danawa.com/prod_img/500000/269/210/img/5210269_1.jpg?shrink=500:500&_v=20180213163151,리버프라임,20150522,2.00E+13,"정제 : 이미, 이취가 없고 고유의 향미가 있는 흰노랑의 제피정제 / 연질캡슐 : 이미, 이취가 없고 고유의 향미가 있는 연한황갈색 내용물을 함유한 적갈색의 연질캡슐",7571
7572,제조일로부터 2년,주식회사 노바렉스,지엔씨,지엔씨 리버헬스 포뮬라 60정?,http://img.danawa.com/prod_img/500000/786/666/img/3666786_1.jpg?shrink=500:500&_v=20181123093032,리버헬스 포뮬라,20150522,2.00E+14,황색 장방형의 갈색 제피정제,7573
7628,제조일로부터 2년,주식회사 노바렉스2공장,온푸드,리얼 쏘팔메토+옥타코사놀,http://img.danawa.com/prod_img/500000/624/975/img/7975624_1.jpg?shrink=500:500&_v=20190521163931,리얼 쏘팔메토+옥타코사놀,20180830,2.01E+13,진한 노랑색의 내용물을 함유한 흑색의 연질캡슐,7629
7684,제조일로부터 24개월,주식회사한미양행,데일리원,리얼 쏘팔메토,http://img.danawa.com/prod_img/500000/952/306/img/6306952_1.jpg?shrink=500:500,리얼쏘팔메토,20180119,2.00E+13,"이미, 이취가 없고 고유의 향미가 있는 진노랑색의 내용물을 함유한 흑색 연질캡슐",7685
7788,제조일로부터 2년,코스맥스바이오(주),LG생활건강,LG생활건강 리튠 rTG 오메가3,http://img.danawa.com/prod_img/500000/788/302/img/5302788_1.jpg?shrink=500:500,리튠rTG오메가3,20150803,2.00E+14,미황색 유상 내용물을 함유한 회녹색의 장용성 연질캡슐.,7789
7853,제조일로부터 24개월,일양약품(주),일양약품,액티브 마그네슘 플러스 비타민D,http://img.danawa.com/prod_img/500000/337/566/img/6566337_1.jpg?shrink=500:500&_v=20181102171233,마그네슘프리미엄,20170731,2.00E+13,"이미, 이취가 없고 고유의 향미가 있는 백색의 타원형 정제",7854
7985,제조일로부터 2년,주식회사 노바렉스2공장,일동제약,마이니 남성활력케어S,http://img.danawa.com/prod_img/500000/054/925/img/6925054_1.jpg?shrink=500:500,마이니 남성활력케어S,20170829,2.01E+13,녹갈색의 내용물을 함유한 흑색의 연질캡슐,7986
8189,제조일로부터 2년,주식회사 노바렉스,매그넘코리아,매그넘17 쏘팔메토 콤플렉스,http://img.danawa.com/prod_img/500000/072/741/img/3741072_1.jpg?shrink=500:500,매그넘 17,20150522,2.00E+14,암갈색의 내용물을 함유한 흑갈색의 연질캡슐,8190
8207,제조일로부터 18개월,(주)한국씨엔에스팜,에버미라클,매일먹는EM,http://img.danawa.com/prod_img/500000/268/148/img/3148268_1.jpg?shrink=500:500&_v=20180830091600,매일먹는 E:M이엠,20150522,2.00E+14,미황색의 분말,8208
8301,제조일로부터 24개월,주식회사한미양행,일양약품,맨파워88,http://img.danawa.com/prod_img/500000/764/785/img/6785764_1.jpg?shrink=160:160&_v=20190220151241,맨파워88,20180716,2.00E+14,"이미, 이취가 없고 고유의 향미가 있는 밝은노랑주황색 내용물을 함유한 적갈색의 연질캡슐",8302
8875,제조일로부터 24개월,주식회사 노바렉스2공장,일동생활건강,맨파워 쏘팔메토,http://img.danawa.com/prod_img/500000/487/798/img/3798487_1.jpg?shrink=500:500,메디라이프 맨파워 쏘팔메토 (Medilife Manpower Sawpalmetto),20151228,2.01E+12,녹갈색의 내용물을 함유한 갈흑색의 연질캡슐,8876
9279,제조일로부터 2년.,코스맥스바이오(주),일양약품,미스터 트리플 M,http://img.danawa.com/prod_img/500000/252/588/img/5588252_1.jpg?shrink=500:500,미스터트리플,20170208,2.00E+14,연한 황갈색의 내용물을 함유한 암갈색의 연질캡슐,9280
9365,3일,풀무원건강생활(주),캘리포니아골드뉴트리션,캘리포니아골드뉴트리션 밀크시슬 30캡슐?,http://img.danawa.com/prod_img/500000/238/247/img/5247238_1.jpg?shrink=500:500&_v=20181129113038,밀크시슬,20150522,2.00E+12,"명일엽 녹즙 고유의 짙은 녹색의 색상과 이미, 이취가 없는 비가열 액상",9366
9368,제조일로부터 24개월까지,주식회사한미양행,지엔씨,지엔씨 밀크씨슬 120정 (1개),http://img.danawa.com/prod_img/500000/300/189/img/5189300_1.jpg?shrink=500:500&_v=20180326092241,밀크씨슬,20150522,2.00E+13,"이미, 이취가 없고 고유의 향미가 있는 황갈색의 내용물을 함유한 적갈색의 연질캡슐",9369
9369,24개월,코스맥스엔비티(주),스완슨,스완슨 밀크씨슬 100캡슐,http://img.danawa.com/prod_img/500000/304/521/img/6521304_1.jpg?shrink=500:500&_v=20181016154922,밀크씨슬,20190612,2.01E+14,"이미, 이취가 없고 고유의 향미가 있는 노란색 분말을 함유한 투명한 경질캡슐",9370
9370,제조일로부터 24개월,(주)알피바이오 제2공장,비타핏,비타핏 밀크씨슬 250캡슐,http://img.danawa.com/prod_img/500000/499/355/img/6355499_1.jpg?shrink=500:500&_v=20180801160451,밀크씨슬,20190402,2.00E+13,"이미, 이취가 없고 고유의 향미가 있는 연노란색의 제피정제",9371
9371,제조일로부터 24개월,(주)비오팜,고헬씨,고헬씨 밀크씨슬 60캡슐?,http://img.danawa.com/prod_img/500000/020/780/img/5780020_1.jpg?shrink=500:500&_v=20180103180313,밀크씨슬,20190318,2.00E+13,"이미, 이취가 없고 고유의 향미가 있는 미황색의 제피정제",9372
9372,제조일로부터 2년,포항바이오파크,블랙모어스,블랙모어스 밀크씨슬 42정?,http://img.danawa.com/prod_img/500000/688/368/img/7368688_1.jpg?shrink=500:500&_v=20190304161257,밀크씨슬,20190130,2.01E+12,"이미, 이취가 없고 고유의 향미가 있는 연한갈색의 정제",9373
9380,제조일로부터 24개월.,주)팜크로스,녹십자웰빙,녹십자웰빙 밀크씨슬 골드 플러스 30정?,http://img.danawa.com/prod_img/500000/162/674/img/5674162_1.jpg?shrink=500:500&_v=20180410093546,밀크씨슬 골드 플러스,20170630,2.00E+13,"이미, 이취가 없고 고유의 향미가 있는 황갈색의 코팅된 타원형정제.",9381
9382,제조일로부터 24개월까지,엠에스바이오텍(주),비타민마을,비타민마을 아낌없이주는마을 밀크씨슬 씨플러스 30정,http://img.danawa.com/prod_img/500000/159/228/img/7228159_1.jpg?shrink=500:500&_v=20190213134625,밀크씨슬 씨플러스,20160905,2.00E+13,황색의 장방형 코팅정제,9383
9388,제조일로부터 2년,(주)허브큐어,세노비스,세노비스 밀크씨슬 플러스 60캡슐?,http://img.danawa.com/prod_img/500000/103/317/img/5317103_1.jpg?shrink=500:500&_v=20170714120346,밀크씨슬 플러스,20180424,2.00E+13,"이미, 이취가 없고 고유의 향미가 있는 미황색의 타원형 제피정제",9389
9389,제조일로부터 24개월까지,극동에치팜(주),내츄럴플러스,내츄럴플러스 밀크씨슬 플러스 60캡슐?,http://img.danawa.com/prod_img/500000/342/101/img/4101342_1.jpg?shrink=500:500&_v=20180529110915,밀크씨슬 플러스,20150522,2.00E+13,황색 장방형 제피정제로 이미. 이취가 없음,9390
9569,제조일로부터 18개월,주식회사 노바렉스,CJ제일제당,BYO 20억 생유산균 ,http://img.danawa.com/prod_img/500000/278/052/img/7052278_1.jpg?shrink=500:500&_v=20190514143226,바이오 20억 생 유산균,20180420,2.00E+14,노란하얀색의 분말,9570
9570,제조일로부터 18개월,주식회사 노바렉스,CJ제일제당,BYO 20억 생유산균 맨,http://img.danawa.com/prod_img/500000/162/912/img/7912162_1.jpg?shrink=500:500&_v=20190514105813,바이오 20억 생유산균 맨,20190109,2.00E+14,노란 하얀색의 분말,9571
9571,제조일로부터 18개월,주식회사 노바렉스,CJ제일제당,BYO 20억 생유산균 우먼,http://img.danawa.com/prod_img/500000/805/911/img/7911805_1.jpg?shrink=500:500&_v=20190514104538,바이오 20억 생유산균 우먼,20190109,2.00E+14,노란하얀색의 분말,9572
9582,제조일로부터 18개월,주식회사 노바렉스,CJ제일제당,BYO 식물성 멀티 생유산균,http://img.danawa.com/prod_img/500000/779/455/img/4455779_1.jpg?shrink=500:500&_v=20190612114705,바이오 엑스퍼트 케어 식물성 멀티유산균,20160722,2.00E+14,"밝은 회황색의 분말, 백색의 결정성 분말",9583
9583,제조일로부터 18개월,주식회사 노바렉스,CJ제일제당,BYO 식물성 피부 유산균,http://img.danawa.com/prod_img/500000/421/914/img/7914421_1.jpg?shrink=500:500&_v=20190612121519,바이오 엑스퍼트 케어 식물성 피부유산균,20150522,2.00E+14,미백색의 분말,9584
9586,제조일로부터 18개월,주식회사 노바렉스,CJ제일제당,BYO 식물성 피부 생유산균,http://img.danawa.com/prod_img/500000/842/711/img/5711842_1.jpg?shrink=500:500&_v=20190514142110,바이오 엑스퍼트케어 식물성 피부생유산균,20150522,2.00E+14,미백색의 분말,9587
9589,제조일부터 18개월,(주)서흥,CJ제일제당,BYO 유산균 면역케어,http://img.danawa.com/prod_img/500000/861/912/img/7912861_1.jpg?shrink=500:500&_v=20190514112720,바이오 유산균 면역케어,20190110,2.00E+14,노란 하얀색의 분말을 함유한 투명 경질캡슐,9590
9591,제조일부터 18개월,(주)서흥,CJ제일제당,BYO 유산균 슬림케어,http://img.danawa.com/prod_img/500000/004/914/img/7914004_1.jpg?shrink=500:500&_v=20190612120131,바이오 유산균 슬림케어,20170913,2.00E+14,탁한 주황색의 내용물을 함유한 투명의 경질캡슐,9592
9592,제조일로부터 18개월,주식회사 노바렉스,CJ제일제당,BYO 유산균 위건강 케어,http://img.danawa.com/prod_img/500000/504/874/img/6874504_1.jpg?shrink=500:500&_v=20190514141752,바이오 유산균 위건강 케어,20180418,2.00E+14,점박이를 가진 회갈색의 내용물을 함유한 투명경질캡슐,9593
10162,제조일로부터 2년,주식회사 노바렉스,헬스밸런스,베스처 밀크씨슬 골드 90정,http://img.danawa.com/prod_img/500000/608/209/img/4209608_1.jpg?shrink=500:500&_v=20181226171221,베스처 밀크씨슬 골드,20151217,2.00E+14,황갈색의 점박이 성상을 가진 연한 노랑의 제피정제,10163
10166,제조일로부터 2년,주식회사 노바렉스2공장,헬스밸런스,,http://img.danawa.com/prod_img/500000/869/944/img/6944869_1.jpg?shrink=160:160&_v=20181227155821,베스처 프리미엄 루테인 맥스,20160510,2.01E+12,진주황색의 내용물을 함유한 갈흑색의 연질캡슐,10167
10661,제조일로부터 18개월,풀무원건강생활(주),올가홀푸드,,http://img.danawa.com/prod_img/500000/271/877/img/5877271_1.jpg?shrink=160:160&_v=20180403142303,브라이트아이,20150522,2.00E+12,"이미, 이취가 없고 고유의 향미가 있는 적갈색의 내용물을 함유한 투명한 연질캡슐",10662
10712,제조일로부터 24개월,(주)알피바이오,브리오,쏘팔메토 옥타코사놀,http://img.danawa.com/prod_img/500000/807/982/img/5982807_1.jpg?shrink=500:500,브리오 쏘팔메토 옥타코사놀 맥스,20181212,2.00E+13,"이미, 이취가 없고 고유의 향미가 있는 흐린 노란 주황색의 내용물을 함유한 진한 적색의 연질캡슐",10713
10926,제조일로부터 18개월,일동바이오사이언스(주),일동제약,일동제약 비오비천 프리미엄 프로바이오틱스,http://img.danawa.com/prod_img/500000/934/125/img/3125934_1.jpg?shrink=500:500&_v=20180604151239,비오비천 프리미엄,20150522,2.01E+12,"이미, 이취가 없고 고유의 향미가 있는 미백색의 분말을 함유한 경질캡슐",10927
10966,24개월,(주)네추럴에프앤피,넥스트BT,,http://img.danawa.com/prod_img/500000/300/475/img/6475300_1.jpg?shrink=160:160&_v=20190328143723,비젼업 루테인,20170413,2.00E+13,주황색 내용물을 함유한 어두운 갈색의 연질캡슐,10967
12304,제조일로부터 24개월,(주)뉴팜,셀립,라이프타임 가족유산균,http://img.danawa.com/prod_img/500000/017/796/img/3796017_1.jpg?shrink=500:500&_v=20170316133914,셀립라이프타임가족유산균,20150522,2.00E+13,"이미, 이취가 없는 연보라색의 분말",12305
12468,24개월,(주)오투바이오,종근당,종근당 닥터굿스 수용성비타민 앤 밀크씨슬 60정?,http://img.danawa.com/prod_img/500000/291/660/img/9660291_1.jpg?shrink=500:500&_v=20191014115442,수용성비타민 앤 밀크씨슬,20160510,2.01E+12,"이미, 이취가 없고 고유의 향미가 있는갈색 코팅정제",12469
12559,제조일로부터 24개월까지,(주)한국씨엔에스팜,종근당건강,,http://img.danawa.com/prod_img/500000/645/147/img/3147645_1.jpg?shrink=160:160&_v=20180323110604,슈퍼 루테인 비젼,20160613,2.00E+14,붉은색의 내용물을 함유한 흑갈색의 연질캡슐,12560
12563,제조일로부터 24개월,네이처퓨어코리아(주),종근당건강,종근당건강 슈퍼 밀크씨슬 칸 60정?,http://img.danawa.com/prod_img/500000/114/919/img/5919114_1.jpg?shrink=500:500&_v=20180410085842,슈퍼 밀크씨슬,20160707,2.01E+13,"미황색 제피정제로 이미, 이취가 없다.미황색 제피정제",12564
13286,제조일로부터 24개월,(주)한국씨엔에스팜,종근당건강,시원하다 전립쎈 프라임 30캡슐,http://img.danawa.com/prod_img/500000/377/574/img/5574377_1.jpg?shrink=500:500&_v=20180213133650,시원하다 전립쎈 프라임,20170214,2.00E+14,황갈색의 내용물을 함유한 갈색투명의 연질캡슐,13287
13457,제조일로부터 2년,주식회사 노바렉스2공장,나우푸드,나우푸드 실리마린 120캡슐,http://img.danawa.com/prod_img/500000/985/218/img/4218985_1.jpg?shrink=500:500&_v=20180213165921,실리마린,20180515,2.01E+13,갈색의 내용물을 함유한 흑색의 연질캡슐,13458
13608,36개월,(주)알피바이오,시카고헬스,데일리 쏘팔메토 파워,http://img.danawa.com/prod_img/500000/257/885/img/5885257_1.jpg?shrink=500:500,쏘팔메토 파워,20150522,2.00E+13,황색의 내용물을 함유한 갈색의 타원형 연질캡슐,13609
13620,24개월,종근당건강(주),종근당건강,쏘팔메토 골드업,http://img.danawa.com/prod_img/500000/212/930/img/1930212_1.jpg?shrink=160:160&_v=20180604163403,쏘팔메토골드업,20150522,2.00E+13,황갈색의 내용물을 함유한 암갈색의 연질캅셀,13621
13966,제조일로부터 36개월,(주)서흥,알리코제약,,http://img.danawa.com/prod_img/500000/378/835/img/835378_1.jpg?shrink=160:160&_v=20181102114250,아이락루테인,20150522,2.00E+13,적색의 점조성 내용물을 함유한 타원형의 암갈색 연질캅셀제,13967
14054,제조일로부터 24개월,안국건강(주),안국건강,,http://img.danawa.com/prod_img/500000/908/150/img/3150908_1.jpg?shrink=160:160&_v=20180604144949,아이세이프 루테인,20150522,2.01E+12,"이미, 이취가 없고 고유의 향미가 있는 적색의 내용물을 함유한 적갈색의 연질캡슐",14055
14064,24개월,극동에치팜(주),중외제약,,http://img.danawa.com/prod_img/500000/030/657/img/3657030_1.jpg?shrink=160:160&_v=20170216095322,아이센스루테인플러스베타카로틴,20150522,2.00E+13,"암적색 내용물을 함유한 적갈색의 연질캡슐로 이미, 이취가 없음",14065
14083,제조일로부터 2년,주식회사 노바렉스2공장,CJ제일제당,,http://img.danawa.com/prod_img/500000/202/875/img/8875202_1.jpg?shrink=160:160&_v=20190729115510,아이시안 메가케어,20170413,2.01E+13,빨간 주황색의 내용물을 함유한 갈흑색의 연질캡슐,14084
14084,제조일로부터 24개월,(주)서흥,CJ제일제당,,http://img.danawa.com/prod_img/500000/257/679/img/3679257_1.jpg?shrink=160:160&_v=20181101101519,아이시안루테인,20150522,2.00E+13,적색의 점조성 내용물을 함유한 타원형의 암갈색 연질캅셀제,14085
14085,제조일부터 24개월,(주)서흥,CJ제일제당,,http://img.danawa.com/prod_img/500000/302/877/img/8877302_1.jpg?shrink=160:160&_v=20190729134420,아이시안루테인 비타민A 플러스케어,20190327,2.00E+14,적갈색의 점조성 내용물을 함유한 암갈색의 연질캡슐,14086
14159,제조일로부터 24개월,한국바이오팜(주),티지알앤,,http://img.danawa.com/prod_img/500000/098/678/img/3678098_1.jpg?shrink=160:160&_v=20190102145755,아이조아 루테인 8플러스,20151001,2.00E+13,적갈색의 연질캡슐,14160
14204,제조일로부터 24개월까지 (유통기한 설정 사유 : 별첨),종근당건강(주),종근당건강,,http://img.danawa.com/prod_img/500000/675/650/img/5650675_1.jpg?shrink=160:160&_v=20180614153552,아이클리어,20151022,2.00E+13,이미 이취가 없는 적색 내용물을 함유한 적갈색 연질캡슐,14205
14205,제조일부터 24개월,(주)서흥,종근당건강,,http://img.danawa.com/prod_img/500000/961/912/img/6912961_1.jpg?shrink=160:160&_v=20190329190631,아이클리어 2.0버전,20180824,2.00E+14,암적색의 점조성 내용물을 함유한 적갈색의 연질캡슐,14206
14210,제조일로부터 24개월,(주)한국씨엔에스팜,종근당건강,,http://img.danawa.com/prod_img/500000/152/908/img/4908152_1.jpg?shrink=160:160&_v=20180614153848,아이클리어 마스터,20160804,2.00E+14,적색의 내용물을 함유한 적갈색의 연질캡슐,14211
14250,제조일부터 24개월,(주)서흥,휴럼,,http://img.danawa.com/prod_img/500000/714/501/img/6501714_1.jpg?shrink=160:160&_v=20190604174623,아이편안 루테인지아잔틴,20180717,2.00E+14,적색 점조성 내용물을 함유한 암갈색 연질캡슐,14251
14253,제조일로부터 24개월까지,(주)한국씨엔에스팜,안국건강,,http://img.danawa.com/prod_img/500000/340/545/img/7545340_1.jpg?shrink=160:160&_v=20190326134501,아이포커스,20190307,2.00E+14,적색의 내용물을 함유한 검정색 투명의 연질캡슐,14254
14370,제조일로부터 24개월,(주)알피바이오,안국건강,,http://img.danawa.com/prod_img/500000/721/181/img/4181721_1.jpg?shrink=160:160&_v=20180523152828,안국 루테인 미니 100,20160517,2.00E+13,"이미, 이취가 없는 적색의 내용물을 함유한 적갈색의 타원형 연질캡슐",14371
14374,제조일로부터 24개월,(주)알피바이오,안국건강,쏘팔메토 전린섭건강,http://img.danawa.com/prod_img/500000/898/968/img/7968898_1.jpg?shrink=500:500,안국 쏘팔메토 전립선건강,20170110,2.00E+13,"이미, 이취가 없고 고유의 향미가 있는 미황색의 오일을 함유한 적갈색의 타원형 연질캡슐",14375
14385,제조일로부터 2년,코스맥스바이오(주),안국건강,,http://img.danawa.com/prod_img/500000/257/944/img/6944257_1.jpg?shrink=160:160&_v=20190326141100,안국눈에좋은루테인플러스,20190905,2.00E+14,빨강 주황색 유상 내용물을 함유한 암갈색의 연질캡슐,14386
14388,제조일로부터 2년,코스맥스바이오(주),안국건강,,http://img.danawa.com/prod_img/500000/478/957/img/6957478_1.jpg?shrink=160:160&_v=20190102165614,안국더퍼스트루테인,20180509,2.00E+14,적갈색의 내용물을 함유한 암갈색의 연질캡슐,14389
14391,제조일로부터 2년.,코스맥스바이오(주),안국건강,안국건강 안국 밀크씨슬 60캡슐?,http://img.danawa.com/prod_img/500000/094/628/img/3628094_1.jpg?shrink=500:500&_v=20181129113115,안국밀크씨슬,20161007,2.00E+14,황갈색의 유상내용물을 함유한 암갈색의 연질캡슐.,14392
14395,제조일로부터 2년.,코스맥스바이오(주),안국건강,,http://img.danawa.com/prod_img/500000/948/939/img/8939948_1.jpg?shrink=160:160&_v=20190731174842,안국아이노우,20180824,2.00E+14,주황색 내용물을 함유한 암갈색의 연질캡슐,14396
14638,제조일로부터 24개월,(주)알피바이오,헬스밸런스,헬스밸런스 베스쳐 알티지 오메가-3 플래티넘,http://img.danawa.com/prod_img/500000/471/857/img/5857471_1.jpg?shrink=500:500,알티지 오메가-3 플래티넘,20190326,2.00E+13,"이미, 이취가 없고 고유의 향미가 있는 황색의 오일을 함유한 투명한 연질캡슐",14639
14741,제조일로부터 2년,콜마비앤에이치(주)선바이오텍사업부문,애터미,,http://img.danawa.com/prod_img/500000/373/668/img/3668373_1.jpg?shrink=160:160&_v=20181102115448,애터미 아이 루테인,20150522,2.01E+11,검은 갈색의 내용물을 함유한 검은 보라색의 연질캡슐,14742
14749,제조일로부터 2년,콜마비앤에이치(주)선바이오텍사업부문,애터미,오-쏘팔메토,http://img.danawa.com/prod_img/500000/309/667/img/3667309_1.jpg?shrink=160:160&_v=20181108170640,애터미 오-쏘팔메토,20150522,2.01E+11,암갈색의 내용물을 함유한 흑갈색의 연질캡슐,14750
14770,제조일로부터 2년,콜마비앤에이치(주)푸디팜사업부문,애터미,?애터미 홍경천 밀크씨슬 120정?,http://img.danawa.com/prod_img/500000/413/667/img/3667413_1.jpg?shrink=500:500&_v=20180604120444,애터미 홍경천 밀크씨슬,20150522,2.01E+13,적색의 코팅정제,14771
14777,2년,콜마비앤에이치(주)선바이오텍사업부문,애터미,애터미헤모힘,http://img.danawa.com/prod_img/500000/110/125/img/3125110_1.jpg?shrink=500:500&_v=20180906083847,애터미헤모힘,20150522,2.01E+11,갈색의 액상 형태,14778
15785,제조일로부터 2년,주식회사 노바렉스2공장,연세생활건강,연세생활건강 연세 밀크씨슬 60캡슐,http://img.danawa.com/prod_img/500000/409/509/img/9509409_1.jpg?shrink=500:500&_v=20190918133632,연세 밀크씨슬,20180525,2.01E+13,황갈색의 내용물을 함유한 적갈색의 연질캡슐,15786
16078,제조일로부터 2년,주식회사 노바렉스2공장,프라임헬스,,http://img.danawa.com/prod_img/500000/469/873/img/5873469_1.jpg?shrink=160:160&_v=20180604163953,오메가3 트리플골드,20170717,2.01E+13,황갈색의 내용물을 함유한 흑갈색의 연질캡슐,16079
16113,제조일로부터 2년,종근당건강(주),종근당,종근당건강 오메가3 골드업 플러스,http://img.danawa.com/prod_img/500000/637/499/img/3499637_1.jpg?shrink=500:500,오메가3골드플러스,20150522,2.00E+13,미황색의 액상이 들어있는 연질캡슐,16114
16221,제조일로부터 24개월,(주)한국씨엔에스팜,국제약품,,http://img.danawa.com/prod_img/500000/801/782/img/2782801_1.jpg?shrink=160:160&_v=20180713151235,오큐테인3,20150522,2.00E+14,적갈색의 내용액을 함유한 진녹색의 연질캡슐,16222
16368,제조일로부터 24개월,주식회사한미양행,삼성제약,삼성제약 올바른 밀크씨슬9 30정?,http://img.danawa.com/prod_img/500000/625/369/img/6369625_1.jpg?shrink=500:500&_v=20180807175056,올바른 밀크씨슬9,20180105,2.00E+13,"이미, 이취가 없으며 고유의 향미를 지닌 연한 노란색의 타원형 제피정제",16369
16523,제조일로부터 24개월,주식회사한미양행,삼성제약헬스케어,우리가족 건강사랑 쏘팔메토 맨파워,http://img.danawa.com/prod_img/500000/017/970/img/7970017_1.jpg?shrink=500:500,우리가족 건강사랑 쏘팔메토 맨파워,20180515,2.00E+14,"이미, 이취가 없고 고유의 향미가 있는 진노란색 내용물을 함유한 적갈색의 연질캡슐",16524
16695,제조일로부터 24개월,동서바이오팜(주),대웅생명과학,대웅생명과학 웅기보 2정?,http://img.danawa.com/prod_img/500000/050/726/img/5726050_1.jpg?shrink=500:500&_v=20171213093108,웅기보,20150522,2.00E+13,미황색의 제피정제,16696
17212,18개월,고려은단 헬스케어(주),고려은단,유산균의 힘,http://img.danawa.com/prod_img/500000/519/915/img/4915519_1.jpg?shrink=500:500&_v=20181029172019,유산균의 힘,20160414,2.02E+11,"이미, 이취가 없고 고유의 향미가 있는 미백색의 분말",17213
17312,제조일로부터 24개월,코스맥스엔비티(주),유한메디카,유한m 메가 쏘팔메토,http://img.danawa.com/prod_img/500000/879/153/img/3153879_1.jpg?shrink=500:500,유한m 메가 쏘팔메토,20150522,2.01E+13,적갈색의 내용물을 함유한 암적색의 연질캡슐,17313
17323,24개월,코스맥스엔비티(주),유한메디카,,http://img.danawa.com/prod_img/500000/744/961/img/6961744_1.jpg?shrink=160:160&_v=20190103113702,유한m 슈퍼아이루테인,20150522,2.01E+12,적황색의 내용물을 함유한 적갈색의 연질캅셀,17324
17390,24개월,코스맥스엔비티(주),유한메디카,,http://img.danawa.com/prod_img/500000/098/678/img/3678098_1.jpg?shrink=160:160&_v=20190102145755,유한m뷰라이트루테인,20150522,2.01E+12,적황색의 내용물을 함유한 적갈색의 연질캅셀,17391
17402,제조일로부터 24개월까지,주식회사한미양행,유한메디카,,http://img.danawa.com/prod_img/500000/006/646/img/3646006_1.jpg?shrink=160:160&_v=20190102145843,유한m슈퍼비젼아이루테인,20150522,2.00E+13,"이미, 이취가 없고 고유의 향미가 있는 주황색의 내용물을 함유한 암갈색의 연질캡슐",17403
17410,제조일로부터 24개월까지,(주)한국씨엔에스팜,유한메디카,쏘팔메토 아연골드,http://img.danawa.com/prod_img/500000/224/324/img/6324224_1.jpg?shrink=500:500,유한m쏘팔메토아연골드,20170131,2.00E+14,노란색 내용물을 함유한 갈색의 연질캡슐,17411
17412,24개월,코스맥스엔비티(주),유한메디카,유한m 쏘팔메토 파워 탑,http://img.danawa.com/prod_img/500000/469/960/img/6960469_1.jpg?shrink=500:500,유한m쏘팔메토파워탑,20150522,2.01E+13,"이미, 이취가 없고 고유의 향미가 있는 노란주황색의 내용물을 함유한 흑갈색의 연질캡슐",17413
17668,제조일로부터 24개월,바이오텍,이엠(EM),이엠 발포 멀티 유산균,http://img.danawa.com/prod_img/500000/713/256/img/6256713_1.jpg?shrink=500:500&_v=20180830101431,이엠(EM)발포 멀티 유산균,20150522,2.01E+11,"이미,이취가 없고 고유의 향미가 있는 미황색의 원형정제",17669
17951,제조일로부터 2년,주식회사 노바렉스,일동제약,,http://img.danawa.com/prod_img/500000/316/289/img/2289316_1.jpg?shrink=160:160&_v=20170411155201,일동 아이레즈,20150522,2.00E+14,적황색의 내용물을 함유한 갈색의 연질캡슐,17952
17998,제조일로부터 24개월,일양약품(주),일양약품,쏘팔메토 프리미엄,http://img.danawa.com/prod_img/500000/792/092/img/4092792_1.jpg?shrink=500:500&_v=20170412162231,일양 쏘팔메토 프리미엄,20150522,2.00E+12,황색의 내용액을 함유한 적갈색의 연질캡슐,17999
18019,제조일로부터 24개월,일양약품(주),일양약품,,http://img.danawa.com/prod_img/500000/333/440/img/5440333_1.jpg?shrink=160:160&_v=20180817150424,일양루테인플러스,20150724,2.00E+13,"고유의 향미가 있는 밝은 적갈색의 내용물을 함유한 암적색의 연질캡슐로 이미,이취가 없어야 한다",18020
18114,제조일로부터 24개월,주식회사한미양행,자연가득,자연가득 전립 쏘팔메토,http://img.danawa.com/prod_img/500000/758/967/img/7967758_1.jpg?shrink=500:500,자연가득 전립쏘팔메토,20180802,2.00E+14,"이미, 이취가 없고 고유의 향미가 있는 진노랑색의 내용물을 함유한 적갈색의 연질캡슐",18115
18368,제조일로부터 2년,주식회사 노바렉스2공장,CJ제일제당,전립소 쏘팔메토 60캡슐,http://img.danawa.com/prod_img/500000/075/679/img/3679075_1.jpg?shrink=500:500&_v=20180322090344,전립소 쏘팔메토,20190812,2.01E+13,선명한 노란 주황색의 내용물을 함유한 갈흑색의 연질캡슐,18369
18373,제조일로부터2년,주식회사 노바렉스,CJ제일제당,전립소 쏘팔메토 스페셜,http://img.danawa.com/prod_img/500000/492/723/img/5723492_1.jpg?shrink=500:500,전립소쏘팔메토 스페셜,20150522,2.00E+14,"어두운 녹갈색의 내용물을 함유한 갈색의 연질캡슐, 갈색 장방형의 녹색 제피정제",18374
19014,제조일로부터 24개월까지,일동바이오사이언스(주),일동제약,지큐랩 비피도 플러스 프로바이오틱스,http://img.danawa.com/prod_img/500000/191/926/img/6926191_1.jpg?shrink=500:500&_v=20181224151832,지큐랩(gQlab) 비피도 플러스,20170113,2.01E+12,"이미, 이취가 없고 고유의 향미가 있는 미백색의 분말을 함유한 투명의 경질캡슐",19015
19018,제조일로부터 18개월,일동바이오사이언스(주),일동제약,지큐랩 액티브 유산균,http://img.danawa.com/prod_img/500000/902/419/img/6419902_1.jpg?shrink=500:500&_v=20190621113307,지큐랩(gQlab) 액티브 유산균,20180307,2.01E+13,"이미, 이취가 없고 고유의 향미가 있는 노란 하얀색의 분말",19019
19019,제조일로부터 24개월,일동바이오사이언스(주),일동제약,지큐랩 에스 신바이오틱스,http://img.danawa.com/prod_img/500000/132/357/img/6357132_1.jpg?shrink=500:500&_v=20190621113307,지큐랩(gQlab) 에스 (S) 신바이오틱스,20150522,2.01E+12,"이미, 이취가 없고 고유의 향미가 있는 연미색의 분말",19020
19677,제조일부터 24개월,(주)네추럴에프앤피,넥스트BT,청춘팔팔 플러스,http://img.danawa.com/prod_img/500000/746/966/img/5966746_1.jpg?shrink=500:500,청춘팔팔플러스,20171013,2.00E+14,연한 황갈색의 내용물을 함유한 진한 빨간색의 연질캡슐,19678
19948,제조일로부터 2년,콜마비앤에이치(주)푸디팜사업부문,종근당,종근당 칸편한 플러스 60정?,http://img.danawa.com/prod_img/500000/069/796/img/5796069_1.jpg?shrink=500:500&_v=20180403143524,칸편한+플러스,20170511,2.01E+14,황색의 장방형 코팅정제,19949
21298,제조일로부터 24개월,콜마비앤에이치(주)푸디팜사업부문,Denps,,http://img.danawa.com/prod_img/500000/731/391/img/7391731_1.jpg?shrink=160:160&_v=20190306160322,트루오메가Q10,20190116,2.01E+14,"이미, 이취가 없고 고유의 향미가 있으며 주황색의 내용물을 함유한 적색의 연질캡슐",21299
21335,제조일로부터 24개월,코스맥스엔비티(주),뉴트리원라이프,,http://img.danawa.com/prod_img/500000/491/941/img/6941491_1.jpg?shrink=160:160&_v=20190604155054,트리플 루테인 오메가3,20180620,2.01E+14,"이미, 이취가 없고 고유의 향미가 있는 붉은색의 내용물을 함유한 암적색의 연질캡슐",21336
21430,제조일로부터 18개월,주식회사 노바렉스,튼튼닷컴,튼튼닷컴 19종 생유산균,http://img.danawa.com/prod_img/500000/534/993/img/3993534_1.jpg?shrink=500:500&_v=20180523145743,튼튼닷컴 19종 생유산균,20170329,2.00E+14,흰노란색의 분말을 함유한 연한 노란 연두색의 경질캡슐,21431
21431,제조일로부터 18개월,주식회사 노바렉스2공장,튼튼닷컴,튼튼닷컴 6년근홍삼정에브리데이,http://img.danawa.com/prod_img/500000/224/731/img/6731224_1.jpg?shrink=500:500&_v=20181128115144,튼튼닷컴 6년근홍삼정에브리데이,20170317,2.01E+13,갈색의 액상,21432
21432,제조일로부터 2년,주식회사 노바렉스2공장,튼튼닷컴,튼튼닷컴 CLA 공액리놀레산 다이어트,http://img.danawa.com/prod_img/500000/481/773/img/7773481_1.jpg?shrink=500:500&_v=20190423134936,튼튼닷컴 CLA공액리놀레산 다이어트,20180525,2.01E+13,연미색의 내용물을 함유한 투명 연질캡슐,21433
21437,제조일로부터 2년,주식회사 노바렉스,튼튼닷컴,튼튼닷컴 나토키나제 프리미엄,http://img.danawa.com/prod_img/500000/263/741/img/3741263_1.jpg?shrink=500:500&_v=20180903084407,튼튼닷컴 나토키나제 프리미엄,20150522,2.00E+14,점박이가 있는 미황색 장방형의 주황색 코팅정제,21438
21439,제조일로부터 24개월,주식회사 노바렉스,튼튼닷컴,튼튼닷컴 루테인 프리미엄,http://img.danawa.com/prod_img/500000/427/684/img/3684427_1.jpg?shrink=500:500&_v=20180903084803,튼튼닷컴 루테인 프리미엄,20150522,2.00E+14,적갈색의 내용물을 함유한 흑갈색의 연질캡슐,21440
21440,제조일로부터 2년,주식회사 노바렉스,튼튼닷컴,튼튼닷컴 밀크씨슬,http://img.danawa.com/prod_img/500000/363/684/img/3684363_1.jpg?shrink=500:500&_v=20181128164319,튼튼닷컴 밀크씨슬,20150522,2.00E+14,황갈색의 내용물을 함유한 흑갈색의 연질캡슐,21441
21443,제조일로부터 2년,주식회사 노바렉스,튼튼닷컴,튼튼닷컴 비타민D 2000IU,http://img.danawa.com/prod_img/500000/530/234/img/6234530_1.jpg?shrink=500:500&_v=20180801101837,튼튼닷컴 비타민D 2000IU,20160404,2.00E+14,밝은 황갈색 점박이가 있는 백색 장방형의 백색 코팅정제,21444
21445,24개월,주식회사 노바렉스,튼튼닷컴,튼튼닷컴 스피루리나,http://img.danawa.com/prod_img/500000/967/996/img/3996967_1.jpg?shrink=500:500&_v=20170228134718,튼튼닷컴 스피루리나,20150522,2.00E+14,흰 점박이 있는 녹색의 삼각형 제피정제,21446
21446,제조일로부터 2년,주식회사 노바렉스,튼튼닷컴,튼튼닷컴 쏘팔메토,http://img.danawa.com/prod_img/500000/092/684/img/3684092_1.jpg?shrink=500:500&_v=20180213143020,튼튼닷컴 쏘팔메토,20150522,2.00E+14,암갈색의 내용물을 함유한 흑갈색의 연질캡슐,21447
21447,제조일로부터 2년,주식회사 노바렉스2공장,튼튼닷컴,튼튼닷컴 아쿠아 히알루론산,http://img.danawa.com/prod_img/500000/708/125/img/8125708_1.jpg?shrink=500:500&_v=20190611121726,튼튼닷컴 아쿠아히알루론산,20180716,2.01E+13,미황색의 내용물을 함유한 백색의 연질캡슐,21448
21448,제조일로부터 24개월,주식회사 노바렉스,튼튼닷컴,튼튼닷컴 알로에 쾌변,http://img.danawa.com/prod_img/500000/227/052/img/5052227_1.jpg?shrink=500:500&_v=20180903083727,튼튼닷컴 알로에 쾌변,20160316,2.00E+14,흰 노란색 장방형의 흐린 연두색 코팅 정제,21449
21449,제조일로부터 24개월,주식회사 노바렉스,튼튼닷컴,튼튼닷컴 엽산600 철분 비타민D,http://img.danawa.com/prod_img/500000/848/684/img/3684848_1.jpg?shrink=500:500&_v=20170707134736,튼튼닷컴 엽산600철분비타민D,20150522,2.00E+14,점박이가 있는 갈색의 장방형 회색제피정제,21450
21451,제조일로부터 24개월,주식회사 노바렉스,튼튼닷컴,튼튼닷컴 오메가3-ADE 1200,http://img.danawa.com/prod_img/500000/748/740/img/3740748_1.jpg?shrink=500:500&_v=20170227110340,튼튼닷컴 오메가3-ADE 1200,20150522,2.00E+14,미황색의 내용물을 함유한 투명의 연질캡슐,21452
21453,제조일로부터 2년,주식회사 노바렉스,튼튼닷컴,튼튼닷컴 종합비타민 미네랄,http://img.danawa.com/prod_img/500000/913/969/img/3969913_1.jpg?shrink=500:500&_v=20171122190455,튼튼닷컴 종합비타민미네랄,20150522,2.00E+14,점박이가 있는 장방형의 노란색 코팅정제,21454
21454,제조일로부터 24개월,주식회사 노바렉스,튼튼닷컴,튼튼닷컴 징코맥스,http://img.danawa.com/prod_img/500000/791/740/img/3740791_1.jpg?shrink=500:500&_v=20170224101237,튼튼닷컴 징코맥스,20150522,2.00E+14,황갈색 장방형의 녹색 제피정제,21455
21455,제조일로부터 24개월,주식회사 노바렉스,튼튼닷컴,튼튼닷컴 칼슘2 마그네슘1 비타민D,http://img.danawa.com/prod_img/500000/517/684/img/3684517_1.jpg?shrink=500:500&_v=20170220133058,튼튼닷컴 칼슘2마그네슘1비타민D,20150522,2.00E+14,미황색 장방형의 백색코팅정제,21456
21457,24개월,주식회사 노바렉스,튼튼닷컴,튼튼닷컴 클로렐라,http://img.danawa.com/prod_img/500000/726/740/img/3740726_1.jpg?shrink=500:500&_v=20170628111728,튼튼닷컴 클로렐라,20150522,2.00E+14,점박이가 있는 녹색의 원형정제,21458
21462,제조일로부터 2년,주식회사 노바렉스,튼튼닷컴,튼튼닷컴 프로폴리스,http://img.danawa.com/prod_img/500000/399/128/img/4128399_1.jpg?shrink=500:500&_v=20170607113526,튼튼닷컴 프로폴리스,20160512,2.00E+14,갈회색의 분말을 함유한 연한 노란 연두색의 경질캡슐,21463
21465,제조일로부터 2년,주식회사 노바렉스2공장,튼튼닷컴,튼튼닷컴 홍삼점 캡슐 골드,http://img.danawa.com/prod_img/500000/518/386/img/5386518_1.jpg?shrink=500:500&_v=20170808170601,튼튼닷컴 홍삼정 캡슐골드,20160219,2.01E+12,진한 갈색의 내용물을 함유한 갈흑색의 연질캡슐,21466
21466,제조일로부터 24개월,(주)네이처텍,튼튼닷컴,튼튼닷컴 홍삼튼튼박사,http://img.danawa.com/prod_img/500000/644/966/img/966644_1.jpg?shrink=500:500&_v=20180727162201,튼튼닷컴 홍삼튼튼박사,20150629,2.00E+13,"이미, 이취가 없고 고유의 향미가 있는 황색 ~ 암갈색을 가진 액상",21467
21647,제조일로부터 24개월까지,(주)한국씨엔에스팜,오뚜기,네이처바이 파워맨 쏘팔메토,http://img.danawa.com/prod_img/500000/951/933/img/1933951_1.jpg?shrink=500:500,파워맨쏘팔메토,20150522,2.00E+14,적갈색의 내용물을 함유한 갈색 반투명의 연질캡슐,21648
21655,제조일로부터 24개월,(주)한풍네이처팜,시너지월드와이즈,파워메토F,http://img.danawa.com/prod_img/500000/956/764/img/3764956_1.jpg?shrink=500:500,파워메토F,20150522,2.01E+12,"이미, 이취가 없고 고유의 향미가 있는 갈색의 내용물을 함유한 검정색의 장방형 연질캡슐",21656
21656,제조일로부터 24개월,(주)한풍네이처팜,시너지월드와이즈,파워메토 플러스,http://img.danawa.com/prod_img/500000/154/328/img/6328154_1.jpg?shrink=500:500,파워메토플러스,20161025,2.01E+13,"이미, 이취가 없고 고유의 향미가 있는 밝은 녹갈색의 내용물을 함유한 검정색의 연질캡슐",21657
21687,제조일로부터 24개월,(주)한국씨엔에스팜,비엠에스,파워업 쏘팔메토 골드,http://img.danawa.com/prod_img/500000/321/967/img/6967321_1.jpg?shrink=500:500,파워업 쏘팔메토,20150522,2.00E+13,적갈색의 내용액을 함유한 적색의 연질캡슐,21688
21846,24개월,(주)유니쎌팜,엠제이테크,팔팔포맨 쏘팔메토,http://img.danawa.com/prod_img/500000/272/328/img/6328272_1.jpg?shrink=500:500,팔팔포맨,20181203,2.00E+13,"이미 이취가 없고, 고유의 향미가 있는 미황색의 내용물을 함유한  적색 연질캡슐",21847
22134,제조일로부터 24개월까지,극동에치팜(주),일양약품,일양약품 포유칸 60캡슐?,http://img.danawa.com/prod_img/500000/545/101/img/4101545_1.jpg?shrink=500:500&_v=20180529103808,포유칸,20160418,2.00E+13,"이미, 이취가 없고 고유의 향미가 있는 황갈색의 내용물을 함유한 적갈색의 연질캡슐",22135
22256,제조일로부터 24개월,(주)서흥,고려은단,,http://img.danawa.com/prod_img/500000/935/952/img/7952935_1.jpg?shrink=160:160&_v=20190517162407,퓨어 루테인,20181221,2.00E+14,적갈색의 내용물을 함유한 흑갈색의 연질캡슐,22257
22339,제조일로부터 2년까지,(주)허브큐어,더베이글 트루앤라이프,더베이글 트루앤라이프 프라임 건강한 간 밀크씨슬 스페셜 30정?,http://img.danawa.com/prod_img/500000/875/795/img/5795875_1.jpg?shrink=500:500&_v=20180323134045,프라임 건강한 간 밀크씨슬 스페셜,20190328,2.00E+13,"이미, 이취가 없고 고유의 향미가 있는 연한 노랑색의 타원형 제피정제",22340
22341,제조일로부터 2년까지,(주)허브큐어,더베이글,,http://img.danawa.com/prod_img/500000/350/949/img/4949350_1.jpg?shrink=160:160&_v=20181102113748,프라임 건강한 눈 루테인 스페셜,20190328,2.00E+13,"이미, 이취가 없고 고유의 향미가 있는 빨간 주황색의 내용물을 함유하는 적갈색의 연질캡슐",22342
22342,제조일로부터 2년,주식회사 노바렉스2공장,더베이글,,http://img.danawa.com/prod_img/500000/133/084/img/5084133_1.jpg?shrink=160:160&_v=20181102113547,프라임 건강한 눈 루테인 스페셜,20161219,2.01E+13,흐린 적갈색의 내용물을 함유한 빨간 갈색의 연질캡슐,22343
22346,제조일로부터 24개월까지,극동에치팜(주),일양약품,,http://img.danawa.com/prod_img/500000/277/467/img/9467277_1.jpg?shrink=160:160&_v=20190909172747,프라임 루테인 플러스,20190117,2.00E+13,"주황색의 내용물을 함유한 적갈색 연질캡슐로 이미, 이취가 없음.",22347
22351,제조일로부터 2년,(주)허브큐어,일양약품,일양약품 프라임 밀크씨슬 플러스 30정?,http://img.danawa.com/prod_img/500000/683/466/img/9466683_1.jpg?shrink=500:500&_v=20190909170613,프라임 밀크씨슬 플러스,20181227,2.00E+13,"이미,	이취가 없고 고유의 향미가 있는 진한노란색의 타원형 제피정제.",22352
22356,24개월,(주)유니쎌팜,더베이글,트루앤라이프 프라임 쏘팔메토 스페셜,http://img.danawa.com/prod_img/500000/152/843/img/5843152_1.jpg?shrink=500:500,프라임 쏘팔메토 스페셜,20181108,2.00E+13,"이미, 이취가 없고 고유의 향미가 있으며 미황색의 내용물을 함유한 적갈색의 연질캡슐",22357
22422,제조일로부터 18개월까지,(주)메디오젠,티지알앤 GRN,프레쉬즈락토,http://img.danawa.com/prod_img/500000/396/876/img/7876396_1.jpg?shrink=500:500&_v=20190508145027,프레쉬즈락토,20180511,2.00E+13,"이미, 이취가 없고 고유의 향미가 있는 유백색 또는 미황색의 분말을 함유한 백색의 경질캡슐",22423
22488,제조일부터 24개월,(주)서흥,종근당,종근당건강 프로메가 기억력 오메가3,http://img.danawa.com/prod_img/500000/327/805/img/4805327_1.jpg?shrink=500:500,프로메가 기억력오메가3,20190114,2.00E+14,미황색 유상액을 함유한 투명의 장방형 연질캡슐,22489
22492,제조일로부터 24개월까지,종근당건강(주),종근당건강,종근당건강 프로메가 리얼 오메가3,http://img.danawa.com/prod_img/500000/404/745/img/5745404_1.jpg?shrink=500:500,프로메가 리얼 오메가3,20170707,2.00E+13,"이미, 이취가 없고 고유의 향미가 있는 미황색 유상 내용물을 함유한 투명의 연질캡슐",22493
22498,제조일로부터 2년,종근당건강(주),종근당건강,종근당건강 아이케어 오메가3 로얄,http://img.danawa.com/prod_img/500000/259/866/img/1866259_1.jpg?shrink=500:500&_v=20170608093511,프로메가 오메가3 파워,20170330,2.00E+13,"이미, 이취가 없고 고유의 향미가 있는 미황색의 투명 유상액을 함유한 투명의 장방형 연질캡슐",22499
22935,제조일로부터 24개월 까지,극동에치팜(주),네추럴라이프,,http://img.danawa.com/prod_img/500000/839/330/img/2330839_1.jpg?shrink=160:160&_v=20180213110624,프리미엄 루테인 플러스,20151001,2.00E+13,"적색의 내용물을 함유한 진갈색의 연질캡슐로 이미, 이취가 없음",22936
22990,24,(주)유니쎌팜,더베이글,뉴트리디데이 프리미엄 쏘팔메토 골드,http://img.danawa.com/prod_img/500000/854/967/img/7967854_1.jpg?shrink=500:500,프리미엄 쏘팔메토 골드,20190201,2.00E+13,"이미,이취가 없고 고유의 향미가 있으며 미황색의 내용물을 함유한 검정색의 연질캡슐",22991
22991,제조일로부터 24개월까지,(주)한국씨엔에스팜,중외제약,프리미엄 쏘팔메토,http://img.danawa.com/prod_img/500000/012/969/img/7969012_1.jpg?shrink=500:500&_v=20190710103902,프리미엄 쏘팔메토 옥타코사놀&아연,20150522,2.00E+13,연갈색의 내용액을 함유한 흑갈색의 연질캡슐,22992
23254,제조일로부터 2년.,코스맥스바이오(주),코스맥스바이오 ,오한진의 프리바이오틱스 FOS 플러스,http://img.danawa.com/prod_img/500000/740/318/img/5318740_1.jpg?shrink=500:500&_v=20180524143641,프리바이오틱스FOS프락토올리고당플러스,20151229,2.00E+14,백색의 분말.,23255
23311,제조일로부터 24개월,주식회사한미양행,더순수,더순수렛츠미 플래티넘 쏘팔메토 9,http://img.danawa.com/prod_img/500000/842/323/img/6323842_1.jpg?shrink=500:500,플래티넘 쏘팔메토9,20171101,2.00E+13,"이미, 이취가 없고 고유의 향미가 있는 연한 노랑주황색 내용물을 함유한 적갈색의 연질캡슐",23312
23562,제조일로부터 24개월,주식회사한미양행,고철남헬스케어,하루한방 쏘팔메토,http://img.danawa.com/prod_img/500000/416/976/img/7976416_1.jpg?shrink=500:500,하루한방(one punch) 쏘팔메토,20181130,2.00E+14,"이미, 이취가 없으며 고유의 향미를 지닌 진노랑색 내용물을 함유한 흑색의 연질캡슐.",23563
23663,제조일로부터 2년,주식회사 노바렉스2공장,종근당,하이업 쏘팔메토,http://img.danawa.com/prod_img/500000/989/965/img/5965989_1.jpg?shrink=160:160&_v=20190521122857,하이업쏘팔메토,20171124,2.01E+13,밝은주황색의 내용물을 함유한 적색 연질캡슐,23664
23900,제조일로부터 24개월까지,주식회사한미양행,한미양행,한미양행 헤파케어 골드 180캡슐,http://img.danawa.com/prod_img/500000/995/149/img/3149995_1.jpg?shrink=500:500&_v=20180213154403,한미헤파케어골드,20150522,2.00E+13,"이미, 이취가 없고 고유의 향미가 있는 황갈색의 내용물을 함유한 적갈색의 연질캡슐",23901
24173,제조일로부터 18개월,콜마비앤에이치(주)푸디팜사업부문,콜마비앤에이치,VAP 항산화젤리,http://img.danawa.com/prod_img/500000/307/990/img/5990307_1.jpg?shrink=500:500&_v=20180322153242,항산화젤리,20170223,2.01E+14,갈색의 젤리,24174
24404,제조일로부터 24개월까지,동서바이오팜(주),유한메디카 유한m,유한메디카 유한m 헤파타임 96캡슐,http://img.danawa.com/prod_img/500000/983/370/img/7370983_1.jpg?shrink=500:500&_v=20190304172945,헤파타임,20170607,2.00E+13,"이미, 이취가 없고 고유의 향미가 있는 황색의 분말이 들어있는 적색의 경질캡슐.",24405
24705,제조일로부터 36개월,(주)알피바이오,프롬바이오,프롬바이오 혈행건강엔 알티지오메가3,http://img.danawa.com/prod_img/500000/987/823/img/6823987_1.jpg?shrink=500:500,혈행건강엔알티지오메가3,20190709,2.00E+13,"이미, 이취가 없고 고유의 향미가 있는 황색의 내용물을 함유한 투명한 연질캡슐",24706
24870,24개월,(주)유니쎌팜,바이럭스,홈런킹,http://img.danawa.com/prod_img/500000/531/319/img/6319531_1.jpg?shrink=500:500,홈런킹,20171215,2.00E+13,미황색의 내용물을 함유한 초코릿색의 연질캡슐,24871
25863,제조일로부터 2년.,코스맥스바이오(주),함국인삼공사,정관장 홍천웅 이과수,http://img.danawa.com/prod_img/500000/555/627/img/5627555_1.jpg?shrink=500:500,홍천웅이과수,20170804,2.00E+14,진한 갈색 유상내용물을 함유한 갈흑색의 연질캡슐.,25864
